Logo,Team
https://upload.wikimedia.org/wikipedia/en/thumb/f/f4/Atletico_Madrid_2017_logo.svg/1200px-Atletico_Madrid_2017_logo.svg.png,Atl√©tico Madrid
https://upload.wikimedia.org/wikipedia/en/thumb/4/47/FC_Barcelona_%28crest%29.svg/1200px-FC_Barcelona_%28crest%29.svg.png,Barcelona
https://upload.wikimedia.org/wikipedia/en/thumb/5/56/Real_Madrid_CF.svg/1200px-Real_Madrid_CF.svg.png,Real Madrid
https://upload.wikimedia.org/wikipedia/en/thumb/9/98/Club_Athletic_Bilbao_logo.svg/1200px-Club_Athletic_Bilbao_logo.svg.png,Athletic 
https://upload.wikimedia.org/wikipedia/en/thumb/3/3b/Sevilla_FC_logo.svg/1200px-Sevilla_FC_logo.svg.png,Sevilla
https://upload.wikimedia.org/wikipedia/en/thumb/b/b9/Villarreal_CF_logo-en.svg/1200px-Villarreal_CF_logo-en.svg.png,Villarreal
https://upload.wikimedia.org/wikipedia/en/thumb/f/f1/Real_Sociedad_logo.svg/1200px-Real_Sociedad_logo.svg.png,Real Sociedad
https://upload.wikimedia.org/wikipedia/en/thumb/c/ce/Valenciacf.svg/1200px-Valenciacf.svg.png,Valencia
https://upload.wikimedia.org/wikipedia/en/thumb/1/12/RC_Celta_de_Vigo_logo.svg/1200px-RC_Celta_de_Vigo_logo.svg.png,Celta Vigo
https://upload.wikimedia.org/wikipedia/en/thumb/7/7b/Levante_Uni%C3%B3n_Deportiva%2C_S.A.D._logo.svg/1200px-Levante_Uni%C3%B3n_Deportiva%2C_S.A.D._logo.svg.png,Levante
https://upload.wikimedia.org/wikipedia/en/thumb/6/6d/M%C3%A1laga_CF.svg/1200px-M%C3%A1laga_CF.svg.png,Malaga
https://upload.wikimedia.org/wikipedia/en/thumb/d/d8/Rayo_Vallecano_logo.svg/1200px-Rayo_Vallecano_logo.svg.png,Rayo Vallecano
https://upload.wikimedia.org/wikipedia/en/thumb/4/46/Getafe_logo.svg/1200px-Getafe_logo.svg.png,Getafe
https://upload.wikimedia.org/wikipedia/en/thumb/d/d6/Rcd_espanyol_logo.svg/1200px-Rcd_espanyol_logo.svg.png,Espanyol
https://upload.wikimedia.org/wikipedia/en/thumb/d/d5/Logo_of_Granada_Club_de_F%C3%BAtbol.svg/1200px-Logo_of_Granada_Club_de_F%C3%BAtbol.svg.png,Granada
https://upload.wikimedia.org/wikipedia/en/thumb/a/a7/Elche_CF_logo.svg/1200px-Elche_CF_logo.svg.png,Elche
https://upload.wikimedia.org/wikipedia/en/thumb/4/4a/UD_Almeria_logo.svg/1200px-UD_Almeria_logo.svg.png,Almeria
https://upload.wikimedia.org/wikipedia/en/thumb/d/db/Osasuna_logo.svg/1200px-Osasuna_logo.svg.png,Osasuna
https://upload.wikimedia.org/wikipedia/en/c/c5/Shield_of_Real_Valladolid.png,Valladolid
https://upload.wikimedia.org/wikipedia/en/thumb/1/13/Real_betis_logo.svg/1200px-Real_betis_logo.svg.png,Real Betis
https://upload.wikimedia.org/wikipedia/en/thumb/4/4e/RC_Deportivo_La_Coru%C3%B1a_logo.svg/1200px-RC_Deportivo_La_Coru%C3%B1a_logo.svg.png,Deportivo
https://upload.wikimedia.org/wikipedia/en/thumb/3/3b/SD_Eibar_logo_2016.svg/1200px-SD_Eibar_logo_2016.svg.png,Eibar
https://upload.wikimedia.org/wikipedia/en/thumb/9/96/C%C3%B3rdoba_CF_logo.svg/1200px-C%C3%B3rdoba_CF_logo.svg.png,Cordoba
https://upload.wikimedia.org/wikipedia/en/thumb/2/20/UD_Las_Palmas_logo.svg/278px-UD_Las_Palmas_logo.svg.png,Las Palmas
https://upload.wikimedia.org/wikipedia/en/thumb/4/48/Real_Sporting_de_Gijon.svg/280px-Real_Sporting_de_Gijon.svg.png,Sporting
https://upload.wikimedia.org/wikipedia/en/thumb/f/f8/Deportivo_Alaves_logo_%282020%29.svg/1200px-Deportivo_Alaves_logo_%282020%29.svg.png,Alaves
https://upload.wikimedia.org/wikipedia/en/thumb/b/b8/Club_Deportivo_Legan%C3%A9s_logo.svg/1200px-Club_Deportivo_Legan%C3%A9s_logo.svg.png,Leganes
https://upload.wikimedia.org/wikipedia/commons/thumb/b/bc/Juventus_FC_2017_icon_%28black%29.svg/1200px-Juventus_FC_2017_icon_%28black%29.svg.png,Juventus
https://upload.wikimedia.org/wikipedia/en/thumb/f/f7/AS_Roma_logo_%282017%29.svg/1200px-AS_Roma_logo_%282017%29.svg.png,Roma
https://upload.wikimedia.org/wikipedia/commons/thumb/2/2d/SSC_Neapel.svg/1200px-SSC_Neapel.svg.png,Napoli
https://upload.wikimedia.org/wikipedia/commons/thumb/f/f2/2022_ACF_Fiorentina_logo.svg/1200px-2022_ACF_Fiorentina_logo.svg.png,Fiorentina
https://upload.wikimedia.org/wikipedia/commons/thumb/0/05/FC_Internazionale_Milano_2021.svg/1200px-FC_Internazionale_Milano_2021.svg.png,Inter
https://upload.wikimedia.org/wikipedia/commons/thumb/9/97/Logo_Parma_Calcio_1913_%28adozione_2016%29.svg/1200px-Logo_Parma_Calcio_1913_%28adozione_2016%29.svg.png,Parma
https://upload.wikimedia.org/wikipedia/en/thumb/2/2e/Torino_FC_Logo.svg/1200px-Torino_FC_Logo.svg.png,Torino
https://upload.wikimedia.org/wikipedia/commons/thumb/d/d0/Logo_of_AC_Milan.svg/1200px-Logo_of_AC_Milan.svg.png,Milan
https://upload.wikimedia.org/wikipedia/en/thumb/c/ce/S.S._Lazio_badge.svg/1200px-S.S._Lazio_badge.svg.png,Lazio
https://upload.wikimedia.org/wikipedia/en/thumb/9/92/Hellas_Verona_FC_logo_%282020%29.svg/1200px-Hellas_Verona_FC_logo_%282020%29.svg.png,Verona
https://upload.wikimedia.org/wikipedia/en/thumb/6/66/AtalantaBC.svg/1200px-AtalantaBC.svg.png,Atalanta
https://upload.wikimedia.org/wikipedia/en/thumb/d/d2/U.C._Sampdoria_logo.svg/1200px-U.C._Sampdoria_logo.svg.png,Sampdoria
https://upload.wikimedia.org/wikipedia/en/thumb/c/ce/Udinese_Calcio_logo.svg/1200px-Udinese_Calcio_logo.svg.png,Udinese
https://upload.wikimedia.org/wikipedia/en/2/25/Genoa_C.F.C._logo.png,Genoa
https://upload.wikimedia.org/wikipedia/en/thumb/6/61/Cagliari_Calcio_1920.svg/1200px-Cagliari_Calcio_1920.svg.png,Cagliari
https://upload.wikimedia.org/wikipedia/en/thumb/f/f0/A.C._ChievoVerona_logo.svg/1200px-A.C._ChievoVerona_logo.svg.png,Chievo
https://upload.wikimedia.org/wikipedia/en/thumb/1/1c/US_Sassuolo_Calcio_logo.svg/1200px-US_Sassuolo_Calcio_logo.svg.png,Sassuolo
https://upload.wikimedia.org/wikipedia/commons/thumb/1/10/Logo_CATANIA_FC.svg/1200px-Logo_CATANIA_FC.svg.png,Catania
https://upload.wikimedia.org/wikipedia/commons/thumb/5/5b/Bologna_F.C._1909_logo.svg/1200px-Bologna_F.C._1909_logo.svg.png,Bologna
https://upload.wikimedia.org/wikipedia/commons/thumb/4/46/US_Livorno_Calcio.png/1200px-US_Livorno_Calcio.png,Livorno
https://upload.wikimedia.org/wikipedia/en/thumb/d/df/Palermo_Calcio_logo_%282019%29.svg/1200px-Palermo_Calcio_logo_%282019%29.svg.png,Palermo
https://upload.wikimedia.org/wikipedia/en/e/e9/Empoli_F.C._logo_%282021%29.png,Empoli
https://upload.wikimedia.org/wikipedia/en/thumb/d/db/AC_Cesena.svg/1200px-AC_Cesena.svg.png,Cesena
https://upload.wikimedia.org/wikipedia/en/thumb/0/0b/Frosinone_Calcio_logo.svg/1200px-Frosinone_Calcio_logo.svg.png,Frosinone
https://upload.wikimedia.org/wikipedia/en/thumb/d/db/FC_Crotone_logo.svg/1200px-FC_Crotone_logo.svg.png,Crotone
https://upload.wikimedia.org/wikipedia/en/thumb/0/06/Delfino_Pescara_logo.svg/1200px-Delfino_Pescara_logo.svg.png,Pescara
https://upload.wikimedia.org/wikipedia/commons/thumb/1/1b/FC_Bayern_M%C3%BCnchen_logo_%282017%29.svg/1200px-FC_Bayern_M%C3%BCnchen_logo_%282017%29.svg.png,Bayern Munich
https://upload.wikimedia.org/wikipedia/commons/thumb/6/67/Borussia_Dortmund_logo.svg/1200px-Borussia_Dortmund_logo.svg.png,Borussia Dortmund
https://upload.wikimedia.org/wikipedia/commons/thumb/6/6d/FC_Schalke_04_Logo.svg/1200px-FC_Schalke_04_Logo.svg.png,Schalke 04
https://upload.wikimedia.org/wikipedia/en/thumb/5/59/Bayer_04_Leverkusen_logo.svg/1200px-Bayer_04_Leverkusen_logo.svg.png,Bayer Leverkusen
https://upload.wikimedia.org/wikipedia/commons/thumb/c/ce/VfL_Wolfsburg_Logo.svg/1200px-VfL_Wolfsburg_Logo.svg.png,VfL Wolfsburg
https://upload.wikimedia.org/wikipedia/commons/thumb/8/81/Borussia_M%C3%B6nchengladbach_logo.svg/1200px-Borussia_M%C3%B6nchengladbach_logo.svg.png,Borussia M'gladbach
https://upload.wikimedia.org/wikipedia/commons/thumb/9/9e/Logo_Mainz_05.svg/1200px-Logo_Mainz_05.svg.png,1. FSV Mainz 05
https://upload.wikimedia.org/wikipedia/en/thumb/c/c5/FC_Augsburg_logo.svg/1200px-FC_Augsburg_logo.svg.png,FC Augsburg
https://upload.wikimedia.org/wikipedia/commons/thumb/e/e7/Logo_TSG_Hoffenheim.svg/1200px-Logo_TSG_Hoffenheim.svg.png,1899 Hoffenheim
https://upload.wikimedia.org/wikipedia/commons/thumb/c/cd/Hannover_96_Logo.svg/1200px-Hannover_96_Logo.svg.png,Hannover 96
https://upload.wikimedia.org/wikipedia/commons/thumb/8/81/Hertha_BSC_Logo_2012.svg/1200px-Hertha_BSC_Logo_2012.svg.png,Hertha BSC
https://upload.wikimedia.org/wikipedia/commons/thumb/b/be/SV-Werder-Bremen-Logo.svg/1200px-SV-Werder-Bremen-Logo.svg.png,Werder Bremen
https://upload.wikimedia.org/wikipedia/commons/thumb/0/04/Eintracht_Frankfurt_Logo.svg/1200px-Eintracht_Frankfurt_Logo.svg.png,Eintracht Frankfurt
https://upload.wikimedia.org/wikipedia/en/thumb/6/6d/SC_Freiburg_logo.svg/1200px-SC_Freiburg_logo.svg.png,SC Freiburg
https://upload.wikimedia.org/wikipedia/commons/thumb/e/eb/VfB_Stuttgart_1893_Logo.svg/1200px-VfB_Stuttgart_1893_Logo.svg.png,VfB Stuttgart
https://upload.wikimedia.org/wikipedia/commons/thumb/f/f7/Hamburger_SV_logo.svg/1200px-Hamburger_SV_logo.svg.png,Hamburger SV
https://upload.wikimedia.org/wikipedia/commons/thumb/f/fa/1._FC_N%C3%BCrnberg_logo.svg/1200px-1._FC_N%C3%BCrnberg_logo.svg.png,1. FC Nurnberg
https://upload.wikimedia.org/wikipedia/en/thumb/6/60/Eintracht_Braunschweig_logo.svg/1200px-Eintracht_Braunschweig_logo.svg.png,Eintracht Braunschweig
https://upload.wikimedia.org/wikipedia/commons/thumb/0/01/1._FC_Koeln_Logo_2014%E2%80%93.svg/1200px-1._FC_Koeln_Logo_2014%E2%80%93.svg.png,1. FC Koln
https://upload.wikimedia.org/wikipedia/en/thumb/b/b3/SC_Paderborn_07_logo.svg/1200px-SC_Paderborn_07_logo.svg.png,SC Paderborn 07
https://upload.wikimedia.org/wikipedia/en/thumb/0/0b/FC_Ingolstadt_04_logo.svg/1200px-FC_Ingolstadt_04_logo.svg.png,FC Ingolstadt 04
https://upload.wikimedia.org/wikipedia/en/thumb/9/92/SV_Darmstadt_98_logo.svg/1200px-SV_Darmstadt_98_logo.svg.png,SV Darmstadt 98
https://upload.wikimedia.org/wikipedia/en/thumb/0/04/RB_Leipzig_2014_logo.svg/1200px-RB_Leipzig_2014_logo.svg.png,RB Leipzig
https://upload.wikimedia.org/wikipedia/en/thumb/c/cc/Chelsea_FC.svg/1200px-Chelsea_FC.svg.png,Chelsea
https://upload.wikimedia.org/wikipedia/en/thumb/b/b4/Tottenham_Hotspur.svg/1200px-Tottenham_Hotspur.svg.png,Tottenham Hotspur
https://upload.wikimedia.org/wikipedia/en/thumb/e/eb/Manchester_City_FC_badge.svg/1200px-Manchester_City_FC_badge.svg.png,Manchester City
https://upload.wikimedia.org/wikipedia/en/thumb/0/0c/Liverpool_FC.svg/1200px-Liverpool_FC.svg.pngg,Liverpool
https://upload.wikimedia.org/wikipedia/en/thumb/5/53/Arsenal_FC.svg/1200px-Arsenal_FC.svg.png,Arsenal
https://upload.wikimedia.org/wikipedia/en/thumb/7/7a/Manchester_United_FC_crest.svg/1200px-Manchester_United_FC_crest.svg.png,Manchester United
https://upload.wikimedia.org/wikipedia/en/thumb/7/7c/Everton_FC_logo.svg/1200px-Everton_FC_logo.svg.png,Everton
https://upload.wikimedia.org/wikipedia/en/thumb/c/c9/FC_Southampton.svg/1200px-FC_Southampton.svg.png,Southampton
https://upload.wikimedia.org/wikipedia/en/thumb/e/e5/AFC_Bournemouth_%282013%29.svg/1200px-AFC_Bournemouth_%282013%29.svg.png,Bournemouth
https://upload.wikimedia.org/wikipedia/en/thumb/8/8b/West_Bromwich_Albion.svg/1200px-West_Bromwich_Albion.svg.png,West Bromwich Albion
https://upload.wikimedia.org/wikipedia/en/thumb/c/c2/West_Ham_United_FC_logo.svg/1200px-West_Ham_United_FC_logo.svg.png,West Ham United
https://upload.wikimedia.org/wikipedia/en/thumb/2/2d/Leicester_City_crest.svg/1200px-Leicester_City_crest.svg.png?20180205224538,Leicester City
https://upload.wikimedia.org/wikipedia/en/thumb/2/29/Stoke_City_FC.svg/1200px-Stoke_City_FC.svg.png,Stoke City
https://upload.wikimedia.org/wikipedia/en/thumb/a/a2/Crystal_Palace_FC_logo_%282022%29.svg/1200px-Crystal_Palace_FC_logo_%282022%29.svg.png,Crystal Palace
https://upload.wikimedia.org/wikipedia/en/thumb/f/f9/Swansea_City_AFC_logo.svg/1200px-Swansea_City_AFC_logo.svg.png,Swansea 
https://upload.wikimedia.org/wikipedia/en/thumb/6/6d/Burnley_FC_Logo.svg/1200px-Burnley_FC_Logo.svg.png,Burnley
https://upload.wikimedia.org/wikipedia/en/thumb/e/e2/Watford.svg/1200px-Watford.svg.png,Watford
https://upload.wikimedia.org/wikipedia/en/thumb/5/54/Hull_City_A.F.C._logo.svg/1200px-Hull_City_A.F.C._logo.svg.png,Hull City
https://en.wikipedia.org/wiki/Middlesbrough_F.C.,Middlesbrough
https://upload.wikimedia.org/wikipedia/en/thumb/7/77/Logo_Sunderland.svg/1200px-Logo_Sunderland.svg.png,Sunderland
https://upload.wikimedia.org/wikipedia/en/thumb/3/31/Queens_Park_Rangers_crest.svg/1200px-Queens_Park_Rangers_crest.svg.png,Queens Park Rangers
https://upload.wikimedia.org/wikipedia/en/thumb/1/17/Norwich_City_FC_logo.svg/1200px-Norwich_City_FC_logo.svg.png,Norwich City
https://upload.wikimedia.org/wikipedia/en/thumb/9/9f/Aston_Villa_logo.svg/1200px-Aston_Villa_logo.svg.png,Aston Villa
https://upload.wikimedia.org/wikipedia/en/thumb/5/56/Newcastle_United_Logo.svg/1200px-Newcastle_United_Logo.svg.png,Newcastle United